[
  {
    "pk": 2,
    "model": "zinnia.category",
    "fields": {
      "rght": 2,
      "description": "All entries containing tests.",
      "parent": null,
      "title": "Tests",
      "level": 0,
      "lft": 1,
      "tree_id": 1,
      "slug": "tests"
    }
  },
  {
    "pk": 1,
    "model": "zinnia.category",
    "fields": {
      "rght": 2,
      "description": "All uncategorized entries.",
      "parent": null,
      "title": "Uncategorized",
      "level": 0,
      "lft": 1,
      "tree_id": 2,
      "slug": "uncategorized"
    }
  },
  {
    "pk": 1,
    "model": "zinnia.entry",
    "fields": {
      "status": 2,
      "login_required": false,
      "password": "",
      "end_publication": null,
      "detail_template": "entry_detail.html",
      "content_template": "zinnia/_entry_detail.html",
      "comment_enabled": true,
      "tags": "welcome, blog, test",
      "image": "",
      "title": "Hello World !",
      "excerpt": "Welcome to the Zinnia blogging application written in Django.This is your first entry, don't hesite to archive or remove it.Or you can simply add a new entry.",
      "sites": [
        1
      ],
      "related": [
        3
      ],
      "creation_date": "2012-01-01T12:00:00Z",
      "content": "<p>Welcome to the Zinnia blogging application written in Django.</p><p>This is your first entry, don't hesite to <a title=\"Edit this entry.\" href=\"/admin/zinnia/entry/1/\">archive or remove it</a>.</p><p>Or you can simply <a title=\"Add a new entry.\" href=\"/admin/zinnia/entry/add/\">add a new entry</a>.</p>",
      "featured": false,
      "start_publication": null,
      "pingback_enabled": true,
      "trackback_enabled": true,
      "authors": [
        1
      ],
      "last_update": "2012-08-03T12:00:00Z",
      "slug": "hello-world",
      "categories": [
        1
      ]
    }
  },
  {
    "pk": 3,
    "model": "zinnia.entry",
    "fields": {
      "status": 2,
      "login_required": false,
      "password": "",
      "end_publication": null,
      "detail_template": "entry_detail.html",
      "content_template": "zinnia/_entry_detail.html",
      "comment_enabled": true,
      "tags": "blog, test",
      "image": "",
      "title": "Lorem ipsum",
      "excerpt": "Lorem ipsum dolor sit amet, consectetur adipiscing elit. Ut commodo mi at massa iaculis at facilisis sem viverra. Aliquam eget odio turpis. Sed luctus, diam sed vehicula auctor, orci tortor auctor turpis, quis bibendum enim odio sed neque. Sed eu justo vitae orci placerat suscipit eu tempus ligula. Ut condimentum, ...",
      "sites": [
        1
      ],
      "related": [
        1,
        2
      ],
      "creation_date": "2011-03-15T12:00:00Z",
      "content": "<div id=\"lipsum\"><p>\r\nLorem ipsum dolor sit amet, consectetur adipiscing elit. Ut commodo mi\r\nat massa iaculis at facilisis sem viverra. Aliquam eget odio turpis.\r\nSed luctus, diam sed vehicula auctor, orci tortor auctor turpis, quis\r\nbibendum enim odio sed neque. Sed eu justo vitae orci placerat suscipit\r\neu tempus ligula. Ut condimentum, odio at dignissim egestas, est tortor\r\nlobortis dolor, vel feugiat massa magna non magna. Sed sit amet quam a\r\nturpis tristique auctor. Vestibulum nec sapien sed enim congue varius.\r\nUt vulputate adipiscing neque, a egestas purus euismod nec. Donec\r\nauctor nunc ac massa mattis quis commodo tortor luctus. Integer id sem\r\nnec nisl iaculis imperdiet. Vestibulum ante ipsum primis in faucibus\r\norci luctus et ultrices posuere cubilia Curae; Mauris bibendum augue\r\nvitae nisi volutpat a tempor purus sodales. Nunc quis justo nunc, at\r\ntristique quam. Fusce vitae nibh tellus, quis consequat nisl. Fusce mi\r\nnulla, sollicitudin a auctor et, posuere nec leo. Curabitur vehicula\r\nvelit vel lacus condimentum eget ullamcorper eros faucibus. Curabitur\r\nposuere, magna non rhoncus aliquet, ante sem cursus nibh, a mattis est\r\nlorem et lorem.\r\n</p><p>Nullam metus ligula, sagittis eu consectetur in, pharetra non purus.\r\nInteger non porta tortor. Fusce fringilla mi eget nibh sodales viverra.\r\nVivamus erat urna, pretium eu ornare non, sollicitudin eget urna.\r\nPraesent justo enim, hendrerit at porttitor in, adipiscing vel nulla.\r\nVivamus nunc nisl, fermentum eget tempor nec, convallis sed justo.\r\nPellentesque vel imperdiet leo. Class aptent taciti sociosqu ad litora\r\ntorquent per conubia nostra, per inceptos himenaeos. Etiam lacinia erat\r\nnon nisi sagittis eget mattis dui dictum. Donec id lorem eu quam\r\nfacilisis ultricies. Ut et dolor porta lectus adipiscing aliquam vel at\r\nodio. In hac habitasse platea dictumst. Sed mollis lacus tincidunt\r\nmassa placerat sed tincidunt tortor interdum. Nunc vulputate placerat\r\nnunc eget venenatis. In aliquam rutrum nulla, sed aliquet dolor ornare\r\ninterdum. Etiam fermentum mollis cursus.\r\n</p></div>",
      "featured": false,
      "start_publication": null,
      "pingback_enabled": true,
      "trackback_enabled": true,
      "authors": [
        1
      ],
      "last_update": "2012-08-03T12:00:00Z",
      "slug": "lorem-ipsum",
      "categories": [
        2,
        1
      ]
    }
  },
  {
    "pk": 2,
    "model": "zinnia.entry",
    "fields": {
      "status": 2,
      "login_required": false,
      "password": "",
      "end_publication": null,
      "detail_template": "entry_detail.html",
      "content_template": "zinnia/_entry_detail.html",
      "comment_enabled": true,
      "tags": "html, test, ",
      "image": "",
      "title": "Testing HTML elements",
      "excerpt": "The purpose of this HTML is to help determine what default settings are with CSS and to make sure that all possible HTML Elements are included in this HTML so as to not miss any possible Elements when designing a site.Heading 1Heading 2Heading 3Heading 4Heading 5Heading 6ParagraphLorem ipsum dolor sit ...",
      "sites": [
        1
      ],
      "related": [
        3
      ],
      "creation_date": "2011-01-01T12:00:00Z",
      "content": "<p>The purpose of this HTML is to help determine what default settings are with CSS and to make sure that all possible HTML Elements are included in this HTML so as to not miss any possible Elements when designing a site.</p>\r\n\r\n<hr />\r\n\r\n<h1 id=\"headings\">Headings</h1>\r\n\r\n<h1>Heading 1</h1>\r\n<h2>Heading 2</h2>\r\n<h3>Heading 3</h3>\r\n<h4>Heading 4</h4>\r\n<h5>Heading 5</h5>\r\n<h6>Heading 6</h6>\r\n\r\n<hr />\r\n\r\n<h1 id=\"paragraph\">Paragraph</h1>\r\n\r\n<p><img src=\"http://django-blog-zinnia.com/media/uploads/zinnia.jpg\" alt=\"Zinnias\" width=\"250\" /> Lorem ipsum dolor sit amet, <a href=\"#\" title=\"test link\">test link</a> adipiscing elit. Nullam dignissim convallis est. Quisque aliquam. Donec faucibus. Nunc iaculis suscipit dui. Nam sit amet sem. Aliquam libero nisi, imperdiet at, tincidunt nec, gravida vehicula, nisl. Praesent mattis, massa quis luctus fermentum, turpis mi volutpat justo, eu volutpat enim diam eget metus. Maecenas ornare tortor. Donec sed tellus eget sapien fringilla nonummy. Mauris a ante. Suspendisse quam sem, consequat at, commodo vitae, feugiat in, nunc. Morbi imperdiet augue quis tellus.</p>\r\n<p>Lorem ipsum dolor sit amet, <em>emphasis</em> consectetuer adipiscing elit. Nullam dignissim convallis est. Quisque aliquam. Donec faucibus. Nunc iaculis suscipit dui. Nam sit amet sem. Aliquam libero nisi, imperdiet at, tincidunt nec, gravida vehicula, nisl. Praesent mattis, massa quis luctus fermentum, turpis mi volutpat justo, eu volutpat enim diam eget metus. Maecenas ornare tortor. Donec sed tellus eget sapien fringilla nonummy. Mauris a ante. Suspendisse quam sem, consequat at, commodo vitae, feugiat in, nunc. Morbi imperdiet augue quis tellus.</p>\r\n\r\n<hr />\r\n\r\n<h1 id=\"list_types\">List Types</h1>\r\n\r\n<h3>Definition List</h3>\r\n<dl>\r\n  <dt>Definition List Title</dt>\r\n  <dd>This is a definition list division.</dd>\r\n</dl>\r\n\r\n<h3>Ordered List</h3>\r\n<ol>\r\n  <li>List Item 1</li>\r\n  <li>List Item 2</li>\r\n  <li>List Item 3</li>\r\n</ol>\r\n\r\n<h3>Unordered List</h3>\r\n<ul>\r\n  <li>List Item 1</li>\r\n  <li>List Item 2</li>\r\n  <li>List Item 3</li>\r\n</ul>\r\n\r\n<hr />\r\n\r\n<h1 id=\"form_elements\">Fieldsets, Legends, and Form Elements</h1>\r\n\r\n<form action=\".\">\r\n\r\n<fieldset>\r\n  <legend>Legend</legend>\r\n\r\n    <h2>Form Element</h2>\r\n\r\n    <p>Lorem ipsum dolor sit amet, consectetuer adipiscing elit. Nullam dignissim convallis est. Quisque aliquam. Donec faucibus. Nunc iaculis suscipit dui.</p>\r\n\r\n    <p><label for=\"text_field\">Text Field:</label>\r\n      <input id=\"text_field\" type=\"text\" /></p>\r\n\r\n    <p><label for=\"text_area\">Text Area:</label>\r\n      <textarea id=\"text_area\" cols=\"40\" rows=\"10\"></textarea></p>\r\n\r\n    <p><label for=\"select_element\">Select Element:</label>\r\n      <select id=\"select_element\">\r\n\t<optgroup label=\"Option Group 1\">\r\n\t  <option value=\"1\">Option 1</option>\r\n\t  <option value=\"2\">Option 2</option>\r\n\t  <option value=\"3\">Option 3</option>\r\n\t</optgroup>\r\n\t<optgroup label=\"Option Group 2\">\r\n\t  <option value=\"1\">Option 1</option>\r\n\t  <option value=\"2\">Option 2</option>\r\n\t  <option value=\"3\">Option 3</option>\r\n\t</optgroup>\r\n    </select></p>\r\n\r\n    <p>\r\n      <label for=\"radio1\">Radio 1:</label>\r\n      <input id=\"radio1\" value=\"radio_1\" type=\"radio\" />\r\n      <label for=\"radio2\">Radio 2:</label>\r\n      <input id=\"radio2\" value=\"radio_2\" type=\"radio\" />\r\n      <label for=\"radio3\">Radio 3:</label>\r\n      <input id=\"radio3\" value=\"radio_3\" type=\"radio\" />\r\n    </p>\r\n\r\n    <p>\r\n      <label for=\"checkbox1\">Checkbox 1:</label>\r\n      <input id=\"checkbox1\" value=\"check_1\" type=\"checkbox\" />\r\n      <label for=\"checkbox2\">Checkbox 2:</label>\r\n      <input id=\"checkbox2\" value=\"check_2\" type=\"checkbox\" />\r\n      <label for=\"checkbox3\">Checkbox 3:</label>\r\n      <input id=\"checkbox3\" value=\"check_3\" type=\"checkbox\" />\r\n    </p>\r\n\r\n    <p><label for=\"password\">Password:</label>\r\n      <input id=\"password\" type=\"password\" />\r\n    </p>\r\n\r\n    <p><label for=\"file\">File Input:</label>\r\n      <input id=\"file\" type=\"file\" />\r\n    </p>\r\n\r\n    <p><input class=\"button\" value=\"Clear\" type=\"reset\" /> <input class=\"button\" value=\"Submit\" type=\"submit\" /></p>\r\n</fieldset>\r\n\r\n</form>\r\n\r\n\r\n<hr />\r\n\r\n<h1 id=\"tables\">Tables</h1>\r\n\r\n<table cellpadding=\"0\" cellspacing=\"0\">\r\n  <tbody><tr>\r\n    <th>Table Header 1</th><th>Table Header 2</th><th>Table Header 3</th>\r\n  </tr>\r\n  <tr>\r\n    <td>Division 1</td><td>Division 2</td><td>Division 3</td>\r\n  </tr>\r\n  <tr class=\"even\">\r\n    <td>Division 1</td><td>Division 2</td><td>Division 3</td>\r\n  </tr>\r\n  <tr>\r\n    <td>Division 1</td><td>Division 2</td><td>Division 3</td>\r\n  </tr>\r\n</tbody></table>\r\n\r\n<hr />\r\n\r\n<h1 id=\"misc\">Misc Stuff - abbr, acronym, pre, code, sub, sup, etc.</h1>\r\n\r\n<p>Lorem <sup>superscript</sup> dolor <sub>subscript</sub> amet, consectetuer adipiscing elit. Nullam dignissim convallis est. Quisque aliquam. <cite>cite</cite>. Nunc iaculis suscipit dui. Nam sit amet sem. Aliquam libero nisi, imperdiet at, tincidunt nec, gravida vehicula, nisl. Praesent mattis, massa quis luctus fermentum, turpis mi volutpat justo, eu volutpat enim diam eget metus. Maecenas ornare tortor. Donec sed tellus eget sapien fringilla nonummy. <acronym title=\"National Basketball Association\">NBA</acronym> Mauris a ante. Suspendisse quam sem, consequat at, commodo vitae, feugiat in, nunc. Morbi imperdiet augue quis tellus.  <abbr title=\"Avenue\">AVE</abbr></p>\r\n\r\n<pre>  Lorem ipsum dolor sit amet, consectetuer adipiscing elit.\r\n  Praesent mattis, massa quis luctus fermentum, turpis mi volutpat \r\n  justo, eu volutpat enim diam eget metus. Maecenas ornare tortor.\r\n  Donec sed tellus eget sapien fringilla nonummy.\r\n  <acronym title=\"National Basketball Association\">NBA</acronym> Mauris a ante.\r\n  Suspendisse quam sem, consequat at, commodo vitae, feugiat in, nunc.\r\n  Morbi imperdiet augue quis tellus.  <abbr title=\"Avenue\">AVE</abbr></pre>\r\n<blockquote>\r\n  <p>\"This stylesheet is going to help so freaking much.\" <br />-Blockquote</p>\r\n</blockquote>",
      "featured": false,
      "start_publication": null,
      "pingback_enabled": true,
      "trackback_enabled": true,
      "authors": [
        1
      ],
      "last_update": "2012-08-03T12:00:00Z",
      "slug": "testing-html-elements",
      "categories": [
        2,
        1
      ]
    }
  }
]
